1|7|4/6/2022 00:00:00|Pacijenta boli stomak malo jace
2|8|4/12/2022 00:00:00|Pacijent je dosao sa stomacnim problemima
4|12|4/24/2022 12:30:00|Pacijent ima upalu tankog creva
5|16|4/25/2022 09:30:00|Pacijent je dosao sa bolom u ledjima
6|19|4/25/2022 12:00:00|Pacijent je dosao sa bolom u grudima
7|17|4/25/2022 10:00:00|Pacijent se zali na bol u grlu. Temperatura je izuzetno visoka, 39.2
8|22|4/26/2022 12:30:00|Pacijent se zali na zamucen vid i vrtoglavicu.
9|24|4/26/2022 10:30:00|Pacijent se zali na bolu u stomaku. Povracao je 3 puta
10|25|4/26/2022 10:00:00|ASDKJASDLKAJS
11|26|4/26/2022 09:30:00|KKKKKKKKKKKKKKKKKKKKKKKKKKK
12|27|4/26/2022 11:30:00|STEVOOOOOOO
13|28|4/27/2022 11:00:00|Malo jaca glavobolja
14|31|4/28/2022 10:00:00|Pacijent se zali na zamucen vid
15|32|4/28/2022 11:30:00|Pacijent ima stomacnih problema
16|33|4/29/2022 15:00:00|Pacijent ima upalu grla
17|34|4/29/2022 11:30:00|Pacijent je dosao sa bolom u ledjima
18|29|4/28/2022 10:30:00|Pacijent ima problema sa ledjima
19|35|4/27/2022 10:30:00|Pacijenta boli glava vec 7 dana
20|30|4/30/2022 09:30:00|Pacijent je dosao sa velikom glavom 
21|13|4/29/2022 13:00:00|Stomacni problemi
22|36|5/1/2022 11:00:00|Pacijenta boli zub
23|50|5/2/2022 09:00:00|Pacijent je bolje mnogo
24|56|5/2/2022 11:00:00|Pacijent je dosao sa bolom u stomaku
25|134|5/3/2022 12:00:00|Pacijent je dosao sa napuknutom slezinom. Zali se na ostar bol u stomaku
26|58|5/2/2022 12:00:00|Djani je faca
